/**
 * Author:  pho
 * Created: 09.01.2016
 */
SET SCHEMA 'descent';

/** CAMPAIGNS
INSERT INTO PLAYER (ID, USERNAME, PASSWORD, DEACTIVE) VALUES (1, 'test', 'Hzi8HmbWqSgEQPT48Vsx3Bu9j0gCgM0MTgSVUNlbG9uaXMgUGFydG5lciBMaWNlbnNlIGZvciBFbm93YSAtIFNpbmdsZSBVc2VyIERlbW8gTGljZW5zZTogTm90I5xUYIZvpvEP7KggDqIJLvhxsoe6gWPnkVzfZtBFc+7BoBBaFyVXvj29EPr7XesP', false);
INSERT INTO PLAYER (ID, USERNAME, PASSWORD, DEACTIVE) VALUES (2, 'test1', '90f//wFb14DFP1TRdjR8FiFMqAkCgM0MTgSVUNlbG9uaXMgUGFydG5lciBMaWNlbnNlIGZvciBFbm93YSAtIFNpbmdsZSBVc2VyIERlbW8gTGljZW5zZTogTm90I5xUYIZvpvEP7KggDqIJLvhxsoe6gWPnkVzfZtBFc+7BoBBaFyVXvj29EPr7XesP', false);
INSERT INTO PLAYER (ID, USERNAME, PASSWORD, DEACTIVE) VALUES (3, 'test2', '/pr4No/Uuxgo1UVEcY+MdfDB1aICgM0MTgSVUNlbG9uaXMgUGFydG5lciBMaWNlbnNlIGZvciBFbm93YSAtIFNpbmdsZSBVc2VyIERlbW8gTGljZW5zZTogTm90I5xUYIZvpvEP7KggDqIJLvhxsoe6gWPnkVzfZtBFc+7BoBBaFyVXvj29EPr7XesP', false);
INSERT INTO PLAYER (ID, USERNAME, PASSWORD, DEACTIVE) VALUES (4, 'test3', 'ZNyumiLtEj5JalkoKcXBVhqiLm4CgM0MTgSVUNlbG9uaXMgUGFydG5lciBMaWNlbnNlIGZvciBFbm93YSAtIFNpbmdsZSBVc2VyIERlbW8gTGljZW5zZTogTm90I5xUYIZvpvEP7KggDqIJLvhxsoe6gWPnkVzfZtBFc+7BoBBaFyVXvj29EPr7XesP', false);
INSERT INTO PLAYER (ID, USERNAME, PASSWORD, DEACTIVE) VALUES (5, 'test4', '3liBjHe6CZAWTGl9Gg0r34bfGrcCgM0MTgSVUNlbG9uaXMgUGFydG5lciBMaWNlbnNlIGZvciBFbm93YSAtIFNpbmdsZSBVc2VyIERlbW8gTGljZW5zZTogTm90I5xUYIZvpvEP7KggDqIJLvhxsoe6gWPnkVzfZtBFc+7BoBBaFyVXvj29EPr7XesP', false);
 */

/** GAMEMAPS */
INSERT INTO GAMEMAP (ID, QUEST, PART, GRIDXSIZE, GRIDYSIZE, IMAGEPATH) VALUES (1,'FIRST_BLOOD','FIRST',13,12,'/img/encounter/First_Blood.png');

/** MAP TILE GROUPS */
INSERT INTO MAPTILEGROUP (ID, NAME) VALUES (1,'1A');
INSERT INTO MAPTILEGROUP (ID, NAME) VALUES (2,'1B');
INSERT INTO MAPTILEGROUP (ID, NAME) VALUES (3,'2A');
INSERT INTO MAPTILEGROUP (ID, NAME) VALUES (4,'2B');
INSERT INTO MAPTILEGROUP (ID, NAME) VALUES (5,'3A');
INSERT INTO MAPTILEGROUP (ID, NAME) VALUES (6,'3B');
INSERT INTO MAPTILEGROUP (ID, NAME) VALUES (7,'4A');
INSERT INTO MAPTILEGROUP (ID, NAME) VALUES (8,'4B');
INSERT INTO MAPTILEGROUP (ID, NAME) VALUES (9,'5A');
INSERT INTO MAPTILEGROUP (ID, NAME) VALUES (10,'5B');
INSERT INTO MAPTILEGROUP (ID, NAME) VALUES (11,'6A');
INSERT INTO MAPTILEGROUP (ID, NAME) VALUES (12,'6B');
INSERT INTO MAPTILEGROUP (ID, NAME) VALUES (13,'7A');
INSERT INTO MAPTILEGROUP (ID, NAME) VALUES (14,'7B');
INSERT INTO MAPTILEGROUP (ID, NAME) VALUES (15,'8A');
INSERT INTO MAPTILEGROUP (ID, NAME) VALUES (16,'8B');
INSERT INTO MAPTILEGROUP (ID, NAME) VALUES (17,'9A');
INSERT INTO MAPTILEGROUP (ID, NAME) VALUES (18,'9B');
INSERT INTO MAPTILEGROUP (ID, NAME) VALUES (19,'10A');
INSERT INTO MAPTILEGROUP (ID, NAME) VALUES (20,'10B');
INSERT INTO MAPTILEGROUP (ID, NAME) VALUES (21,'11A');
INSERT INTO MAPTILEGROUP (ID, NAME) VALUES (22,'11B');
INSERT INTO MAPTILEGROUP (ID, NAME) VALUES (23,'12A');
INSERT INTO MAPTILEGROUP (ID, NAME) VALUES (24,'12B');
INSERT INTO MAPTILEGROUP (ID, NAME) VALUES (25,'13A');
INSERT INTO MAPTILEGROUP (ID, NAME) VALUES (26,'13B');
INSERT INTO MAPTILEGROUP (ID, NAME) VALUES (27,'14A');
INSERT INTO MAPTILEGROUP (ID, NAME) VALUES (28,'14B');
INSERT INTO MAPTILEGROUP (ID, NAME) VALUES (29,'15A');
INSERT INTO MAPTILEGROUP (ID, NAME) VALUES (30,'15B');
INSERT INTO MAPTILEGROUP (ID, NAME) VALUES (31,'16A');
INSERT INTO MAPTILEGROUP (ID, NAME) VALUES (32,'16B');
INSERT INTO MAPTILEGROUP (ID, NAME) VALUES (33,'17A');
INSERT INTO MAPTILEGROUP (ID, NAME) VALUES (34,'17B');
INSERT INTO MAPTILEGROUP (ID, NAME) VALUES (35,'18A');
INSERT INTO MAPTILEGROUP (ID, NAME) VALUES (36,'18B');
INSERT INTO MAPTILEGROUP (ID, NAME) VALUES (37,'19A');
INSERT INTO MAPTILEGROUP (ID, NAME) VALUES (38,'19B');
INSERT INTO MAPTILEGROUP (ID, NAME) VALUES (39,'20A');
INSERT INTO MAPTILEGROUP (ID, NAME) VALUES (40,'20B');
INSERT INTO MAPTILEGROUP (ID, NAME) VALUES (41,'21A');
INSERT INTO MAPTILEGROUP (ID, NAME) VALUES (42,'21B');
INSERT INTO MAPTILEGROUP (ID, NAME) VALUES (43,'22A');
INSERT INTO MAPTILEGROUP (ID, NAME) VALUES (44,'22B');
INSERT INTO MAPTILEGROUP (ID, NAME) VALUES (45,'23A');
INSERT INTO MAPTILEGROUP (ID, NAME) VALUES (46,'23B');
INSERT INTO MAPTILEGROUP (ID, NAME) VALUES (47,'24A');
INSERT INTO MAPTILEGROUP (ID, NAME) VALUES (48,'24B');
INSERT INTO MAPTILEGROUP (ID, NAME) VALUES (49,'25A');
INSERT INTO MAPTILEGROUP (ID, NAME) VALUES (50,'25B');
INSERT INTO MAPTILEGROUP (ID, NAME) VALUES (51,'26A');
INSERT INTO MAPTILEGROUP (ID, NAME) VALUES (52,'26B');
INSERT INTO MAPTILEGROUP (ID, NAME) VALUES (53,'27A');
INSERT INTO MAPTILEGROUP (ID, NAME) VALUES (54,'27B');
INSERT INTO MAPTILEGROUP (ID, NAME) VALUES (55,'28A');
INSERT INTO MAPTILEGROUP (ID, NAME) VALUES (56,'28B');
INSERT INTO MAPTILEGROUP (ID, NAME) VALUES (57,'29A');
INSERT INTO MAPTILEGROUP (ID, NAME) VALUES (58,'29B');
INSERT INTO MAPTILEGROUP (ID, NAME) VALUES (59,'30A');
INSERT INTO MAPTILEGROUP (ID, NAME) VALUES (60,'30B');
INSERT INTO MAPTILEGROUP (ID, NAME) VALUES (61,'ENDA');
INSERT INTO MAPTILEGROUP (ID, NAME) VALUES (62,'ENDB');
INSERT INTO MAPTILEGROUP (ID, NAME) VALUES (63,'ENTERA');
INSERT INTO MAPTILEGROUP (ID, NAME) VALUES (64,'ENTERB');
INSERT INTO MAPTILEGROUP (ID, NAME) VALUES (65,'EXITA');
INSERT INTO MAPTILEGROUP (ID, NAME) VALUES (66,'EXITB');
INSERT INTO MAPTILEGROUP (ID, NAME) VALUES (67,'TRANSA');

/** MAPFIELDS */
-- 12A
INSERT INTO MAPFIELD (ID,XPOS,YPOS,MOVECOST,PASSABLE,MAP_ID,TILEGROUP_ID,HEROSPAWN,MONSTERSPAWN) VALUES (1,0,4,1,true,1,23,false,false);
INSERT INTO MAPFIELD (ID,XPOS,YPOS,MOVECOST,PASSABLE,MAP_ID,TILEGROUP_ID,HEROSPAWN,MONSTERSPAWN) VALUES (2,0,5,1,true,1,23,false,false);
INSERT INTO MAPFIELD (ID,XPOS,YPOS,MOVECOST,PASSABLE,MAP_ID,TILEGROUP_ID,HEROSPAWN,MONSTERSPAWN) VALUES (3,0,6,1,true,1,23,false,false);
INSERT INTO MAPFIELD (ID,XPOS,YPOS,MOVECOST,PASSABLE,MAP_ID,TILEGROUP_ID,HEROSPAWN,MONSTERSPAWN) VALUES (4,0,7,1,true,1,23,false,false);
INSERT INTO MAPFIELD (ID,XPOS,YPOS,MOVECOST,PASSABLE,MAP_ID,TILEGROUP_ID,HEROSPAWN,MONSTERSPAWN) VALUES (5,1,3,1,true,1,23,false,false);
INSERT INTO MAPFIELD (ID,XPOS,YPOS,MOVECOST,PASSABLE,MAP_ID,TILEGROUP_ID,HEROSPAWN,MONSTERSPAWN) VALUES (6,1,4,2,true,1,23,false,false);
INSERT INTO MAPFIELD (ID,XPOS,YPOS,MOVECOST,PASSABLE,MAP_ID,TILEGROUP_ID,HEROSPAWN,MONSTERSPAWN) VALUES (7,1,5,2,true,1,23,false,false);
INSERT INTO MAPFIELD (ID,XPOS,YPOS,MOVECOST,PASSABLE,MAP_ID,TILEGROUP_ID,HEROSPAWN,MONSTERSPAWN) VALUES (8,1,6,2,true,1,23,false,false);
INSERT INTO MAPFIELD (ID,XPOS,YPOS,MOVECOST,PASSABLE,MAP_ID,TILEGROUP_ID,HEROSPAWN,MONSTERSPAWN) VALUES (9,1,7,1,true,1,23,false,false);
INSERT INTO MAPFIELD (ID,XPOS,YPOS,MOVECOST,PASSABLE,MAP_ID,TILEGROUP_ID,HEROSPAWN,MONSTERSPAWN) VALUES (10,2,3,1,true,1,23,false,false);
INSERT INTO MAPFIELD (ID,XPOS,YPOS,MOVECOST,PASSABLE,MAP_ID,TILEGROUP_ID,HEROSPAWN,MONSTERSPAWN) VALUES (11,2,4,2,true,1,23,false,false);
INSERT INTO MAPFIELD (ID,XPOS,YPOS,MOVECOST,PASSABLE,MAP_ID,TILEGROUP_ID,HEROSPAWN,MONSTERSPAWN) VALUES (12,2,5,2,true,1,23,false,false);
INSERT INTO MAPFIELD (ID,XPOS,YPOS,MOVECOST,PASSABLE,MAP_ID,TILEGROUP_ID,HEROSPAWN,MONSTERSPAWN) VALUES (13,2,6,2,true,1,23,false,false);
INSERT INTO MAPFIELD (ID,XPOS,YPOS,MOVECOST,PASSABLE,MAP_ID,TILEGROUP_ID,HEROSPAWN,MONSTERSPAWN) VALUES (14,2,7,1,true,1,23,false,false);
INSERT INTO MAPFIELD (ID,XPOS,YPOS,MOVECOST,PASSABLE,MAP_ID,TILEGROUP_ID,HEROSPAWN,MONSTERSPAWN) VALUES (15,3,5,2,true,1,23,false,false);
INSERT INTO MAPFIELD (ID,XPOS,YPOS,MOVECOST,PASSABLE,MAP_ID,TILEGROUP_ID,HEROSPAWN,MONSTERSPAWN) VALUES (16,3,6,2,true,1,23,false,false);
INSERT INTO MAPFIELD (ID,XPOS,YPOS,MOVECOST,PASSABLE,MAP_ID,TILEGROUP_ID,HEROSPAWN,MONSTERSPAWN) VALUES (17,3,7,1,true,1,23,false,false);
INSERT INTO MAPFIELD (ID,XPOS,YPOS,MOVECOST,PASSABLE,MAP_ID,TILEGROUP_ID,HEROSPAWN,MONSTERSPAWN) VALUES (18,4,5,1,true,1,23,false,false);
INSERT INTO MAPFIELD (ID,XPOS,YPOS,MOVECOST,PASSABLE,MAP_ID,TILEGROUP_ID,HEROSPAWN,MONSTERSPAWN) VALUES (19,4,6,1,true,1,23,false,false);

-- ENTERA
INSERT INTO MAPFIELD (ID,XPOS,YPOS,MOVECOST,PASSABLE,MAP_ID,TILEGROUP_ID,HEROSPAWN,MONSTERSPAWN) VALUES (20,1,1,1,true,1,63,false,false);
INSERT INTO MAPFIELD (ID,XPOS,YPOS,MOVECOST,PASSABLE,MAP_ID,TILEGROUP_ID,HEROSPAWN,MONSTERSPAWN) VALUES (21,1,2,1,true,1,63,false,false);
INSERT INTO MAPFIELD (ID,XPOS,YPOS,MOVECOST,PASSABLE,MAP_ID,TILEGROUP_ID,HEROSPAWN,MONSTERSPAWN) VALUES (22,2,1,1,true,1,63,false,false);
INSERT INTO MAPFIELD (ID,XPOS,YPOS,MOVECOST,PASSABLE,MAP_ID,TILEGROUP_ID,HEROSPAWN,MONSTERSPAWN) VALUES (23,2,2,1,true,1,63,false,false);

-- ENDA
INSERT INTO MAPFIELD (ID,XPOS,YPOS,MOVECOST,PASSABLE,MAP_ID,TILEGROUP_ID,HEROSPAWN,MONSTERSPAWN) VALUES (24,4,1,1,true,1,61,false,false);
INSERT INTO MAPFIELD (ID,XPOS,YPOS,MOVECOST,PASSABLE,MAP_ID,TILEGROUP_ID,HEROSPAWN,MONSTERSPAWN) VALUES (25,4,2,1,true,1,61,false,false);

-- ENDA
INSERT INTO MAPFIELD (ID,XPOS,YPOS,MOVECOST,PASSABLE,MAP_ID,TILEGROUP_ID,HEROSPAWN,MONSTERSPAWN) VALUES (74,4,9,1,true,1,61,false,false);
INSERT INTO MAPFIELD (ID,XPOS,YPOS,MOVECOST,PASSABLE,MAP_ID,TILEGROUP_ID,HEROSPAWN,MONSTERSPAWN) VALUES (75,4,10,1,true,1,61,false,false);

-- 9A
INSERT INTO MAPFIELD (ID,XPOS,YPOS,MOVECOST,PASSABLE,MAP_ID,TILEGROUP_ID,HEROSPAWN,MONSTERSPAWN) VALUES (26,5,8,1,true,1,17,false,false);
INSERT INTO MAPFIELD (ID,XPOS,YPOS,MOVECOST,PASSABLE,MAP_ID,TILEGROUP_ID,HEROSPAWN,MONSTERSPAWN) VALUES (27,5,9,1,true,1,17,false,false);
INSERT INTO MAPFIELD (ID,XPOS,YPOS,MOVECOST,PASSABLE,MAP_ID,TILEGROUP_ID,HEROSPAWN,MONSTERSPAWN) VALUES (28,5,10,1,true,1,17,false,false);
INSERT INTO MAPFIELD (ID,XPOS,YPOS,MOVECOST,PASSABLE,MAP_ID,TILEGROUP_ID,HEROSPAWN,MONSTERSPAWN) VALUES (29,5,11,1,true,1,17,false,false);
INSERT INTO MAPFIELD (ID,XPOS,YPOS,MOVECOST,PASSABLE,MAP_ID,TILEGROUP_ID,HEROSPAWN,MONSTERSPAWN) VALUES (30,6,8,1,true,1,17,false,false);
INSERT INTO MAPFIELD (ID,XPOS,YPOS,MOVECOST,PASSABLE,MAP_ID,TILEGROUP_ID,HEROSPAWN,MONSTERSPAWN) VALUES (31,6,9,1,true,1,17,false,false);
INSERT INTO MAPFIELD (ID,XPOS,YPOS,MOVECOST,PASSABLE,MAP_ID,TILEGROUP_ID,HEROSPAWN,MONSTERSPAWN) VALUES (32,6,10,1,true,1,17,false,false);
INSERT INTO MAPFIELD (ID,XPOS,YPOS,MOVECOST,PASSABLE,MAP_ID,TILEGROUP_ID,HEROSPAWN,MONSTERSPAWN) VALUES (33,6,11,1,true,1,17,false,false);
INSERT INTO MAPFIELD (ID,XPOS,YPOS,MOVECOST,PASSABLE,MAP_ID,TILEGROUP_ID,HEROSPAWN,MONSTERSPAWN) VALUES (34,7,8,1,true,1,17,false,false);
INSERT INTO MAPFIELD (ID,XPOS,YPOS,MOVECOST,PASSABLE,MAP_ID,TILEGROUP_ID,HEROSPAWN,MONSTERSPAWN) VALUES (35,7,9,1,true,1,17,false,false);
INSERT INTO MAPFIELD (ID,XPOS,YPOS,MOVECOST,PASSABLE,MAP_ID,TILEGROUP_ID,HEROSPAWN,MONSTERSPAWN) VALUES (36,7,10,1,true,1,17,false,false);
INSERT INTO MAPFIELD (ID,XPOS,YPOS,MOVECOST,PASSABLE,MAP_ID,TILEGROUP_ID,HEROSPAWN,MONSTERSPAWN) VALUES (37,7,11,1,true,1,17,false,false);
INSERT INTO MAPFIELD (ID,XPOS,YPOS,MOVECOST,PASSABLE,MAP_ID,TILEGROUP_ID,HEROSPAWN,MONSTERSPAWN) VALUES (38,8,8,1,true,1,17,false,false);
INSERT INTO MAPFIELD (ID,XPOS,YPOS,MOVECOST,PASSABLE,MAP_ID,TILEGROUP_ID,HEROSPAWN,MONSTERSPAWN) VALUES (39,8,9,1,true,1,17,false,false);
INSERT INTO MAPFIELD (ID,XPOS,YPOS,MOVECOST,PASSABLE,MAP_ID,TILEGROUP_ID,HEROSPAWN,MONSTERSPAWN) VALUES (40,8,10,1,true,1,17,false,false);
INSERT INTO MAPFIELD (ID,XPOS,YPOS,MOVECOST,PASSABLE,MAP_ID,TILEGROUP_ID,HEROSPAWN,MONSTERSPAWN) VALUES (41,8,11,1,true,1,17,false,false);

-- EXIT A
INSERT INTO MAPFIELD (ID,XPOS,YPOS,MOVECOST,PASSABLE,MAP_ID,TILEGROUP_ID,HEROSPAWN,MONSTERSPAWN) VALUES (42,9,9,1,true,1,65,true,false);
INSERT INTO MAPFIELD (ID,XPOS,YPOS,MOVECOST,PASSABLE,MAP_ID,TILEGROUP_ID,HEROSPAWN,MONSTERSPAWN) VALUES (43,9,10,1,true,1,65,true,false);
INSERT INTO MAPFIELD (ID,XPOS,YPOS,MOVECOST,PASSABLE,MAP_ID,TILEGROUP_ID,HEROSPAWN,MONSTERSPAWN) VALUES (44,10,9,1,true,1,65,true,false);
INSERT INTO MAPFIELD (ID,XPOS,YPOS,MOVECOST,PASSABLE,MAP_ID,TILEGROUP_ID,HEROSPAWN,MONSTERSPAWN) VALUES (45,10,10,1,true,1,65,true,false);

-- 16A
INSERT INTO MAPFIELD (ID,XPOS,YPOS,MOVECOST,PASSABLE,MAP_ID,TILEGROUP_ID,HEROSPAWN,MONSTERSPAWN) VALUES (46,5,5,1,true,1,31,false,false);
INSERT INTO MAPFIELD (ID,XPOS,YPOS,MOVECOST,PASSABLE,MAP_ID,TILEGROUP_ID,HEROSPAWN,MONSTERSPAWN) VALUES (47,5,6,1,true,1,31,false,false);
INSERT INTO MAPFIELD (ID,XPOS,YPOS,MOVECOST,PASSABLE,MAP_ID,TILEGROUP_ID,HEROSPAWN,MONSTERSPAWN) VALUES (48,6,4,1,true,1,31,false,false);
INSERT INTO MAPFIELD (ID,XPOS,YPOS,MOVECOST,PASSABLE,MAP_ID,TILEGROUP_ID,HEROSPAWN,MONSTERSPAWN) VALUES (49,6,5,1,true,1,31,false,false);
INSERT INTO MAPFIELD (ID,XPOS,YPOS,MOVECOST,PASSABLE,MAP_ID,TILEGROUP_ID,HEROSPAWN,MONSTERSPAWN) VALUES (50,6,6,1,true,1,31,false,false);
INSERT INTO MAPFIELD (ID,XPOS,YPOS,MOVECOST,PASSABLE,MAP_ID,TILEGROUP_ID,HEROSPAWN,MONSTERSPAWN) VALUES (51,6,7,1,true,1,31,false,false);
INSERT INTO MAPFIELD (ID,XPOS,YPOS,MOVECOST,PASSABLE,MAP_ID,TILEGROUP_ID,HEROSPAWN,MONSTERSPAWN) VALUES (52,7,4,1,true,1,31,false,false);
INSERT INTO MAPFIELD (ID,XPOS,YPOS,MOVECOST,PASSABLE,MAP_ID,TILEGROUP_ID,HEROSPAWN,MONSTERSPAWN) VALUES (53,7,5,1,true,1,31,false,false);
INSERT INTO MAPFIELD (ID,XPOS,YPOS,MOVECOST,PASSABLE,MAP_ID,TILEGROUP_ID,HEROSPAWN,MONSTERSPAWN) VALUES (54,7,6,1,true,1,31,false,false);
INSERT INTO MAPFIELD (ID,XPOS,YPOS,MOVECOST,PASSABLE,MAP_ID,TILEGROUP_ID,HEROSPAWN,MONSTERSPAWN) VALUES (55,7,7,1,true,1,31,false,false);
INSERT INTO MAPFIELD (ID,XPOS,YPOS,MOVECOST,PASSABLE,MAP_ID,TILEGROUP_ID,HEROSPAWN,MONSTERSPAWN) VALUES (56,8,5,1,true,1,31,false,false);
INSERT INTO MAPFIELD (ID,XPOS,YPOS,MOVECOST,PASSABLE,MAP_ID,TILEGROUP_ID,HEROSPAWN,MONSTERSPAWN) VALUES (57,8,6,1,true,1,31,false,false);

-- 8A Fire Pit
INSERT INTO MAPFIELD (ID,XPOS,YPOS,MOVECOST,PASSABLE,MAP_ID,TILEGROUP_ID,HEROSPAWN,MONSTERSPAWN) VALUES (58,5,0,1,true,1,15,false,true);
INSERT INTO MAPFIELD (ID,XPOS,YPOS,MOVECOST,PASSABLE,MAP_ID,TILEGROUP_ID,HEROSPAWN,MONSTERSPAWN) VALUES (59,5,1,1,true,1,15,false,true);
INSERT INTO MAPFIELD (ID,XPOS,YPOS,MOVECOST,PASSABLE,MAP_ID,TILEGROUP_ID,HEROSPAWN,MONSTERSPAWN) VALUES (60,5,2,1,true,1,15,false,true);
INSERT INTO MAPFIELD (ID,XPOS,YPOS,MOVECOST,PASSABLE,MAP_ID,TILEGROUP_ID,HEROSPAWN,MONSTERSPAWN) VALUES (61,5,3,1,true,1,15,false,true);
INSERT INTO MAPFIELD (ID,XPOS,YPOS,MOVECOST,PASSABLE,MAP_ID,TILEGROUP_ID,HEROSPAWN,MONSTERSPAWN) VALUES (62,6,0,1,true,1,15,false,true);
INSERT INTO MAPFIELD (ID,XPOS,YPOS,MOVECOST,PASSABLE,MAP_ID,TILEGROUP_ID,HEROSPAWN,MONSTERSPAWN) VALUES (63,6,1,1,true,1,15,false,true);
INSERT INTO MAPFIELD (ID,XPOS,YPOS,MOVECOST,PASSABLE,MAP_ID,TILEGROUP_ID,HEROSPAWN,MONSTERSPAWN) VALUES (64,6,2,1,true,1,15,false,true);
INSERT INTO MAPFIELD (ID,XPOS,YPOS,MOVECOST,PASSABLE,MAP_ID,TILEGROUP_ID,HEROSPAWN,MONSTERSPAWN) VALUES (65,6,3,1,true,1,15,false,true);
INSERT INTO MAPFIELD (ID,XPOS,YPOS,MOVECOST,PASSABLE,MAP_ID,TILEGROUP_ID,HEROSPAWN,MONSTERSPAWN) VALUES (66,7,0,1,true,1,15,false,true);
INSERT INTO MAPFIELD (ID,XPOS,YPOS,MOVECOST,PASSABLE,MAP_ID,TILEGROUP_ID,HEROSPAWN,MONSTERSPAWN) VALUES (67,7,1,1,true,1,15,false,true);
INSERT INTO MAPFIELD (ID,XPOS,YPOS,MOVECOST,PASSABLE,MAP_ID,TILEGROUP_ID,HEROSPAWN,MONSTERSPAWN) VALUES (68,7,2,1,true,1,15,false,true);
INSERT INTO MAPFIELD (ID,XPOS,YPOS,MOVECOST,PASSABLE,MAP_ID,TILEGROUP_ID,HEROSPAWN,MONSTERSPAWN) VALUES (69,7,3,1,true,1,15,false,true);
INSERT INTO MAPFIELD (ID,XPOS,YPOS,MOVECOST,PASSABLE,MAP_ID,TILEGROUP_ID,HEROSPAWN,MONSTERSPAWN) VALUES (70,8,0,1,true,1,15,false,true);
INSERT INTO MAPFIELD (ID,XPOS,YPOS,MOVECOST,PASSABLE,MAP_ID,TILEGROUP_ID,HEROSPAWN,MONSTERSPAWN) VALUES (71,8,1,1,true,1,15,false,true);
INSERT INTO MAPFIELD (ID,XPOS,YPOS,MOVECOST,PASSABLE,MAP_ID,TILEGROUP_ID,HEROSPAWN,MONSTERSPAWN) VALUES (72,8,2,1,true,1,15,false,true);
INSERT INTO MAPFIELD (ID,XPOS,YPOS,MOVECOST,PASSABLE,MAP_ID,TILEGROUP_ID,HEROSPAWN,MONSTERSPAWN) VALUES (73,8,3,1,true,1,15,false,true);

-- 26A WILD GARDEN
INSERT INTO MAPFIELD (ID,XPOS,YPOS,MOVECOST,PASSABLE,MAP_ID,TILEGROUP_ID,HEROSPAWN,MONSTERSPAWN) VALUES (76,9,5,1,true,1,51,false,true);
INSERT INTO MAPFIELD (ID,XPOS,YPOS,MOVECOST,PASSABLE,MAP_ID,TILEGROUP_ID,HEROSPAWN,MONSTERSPAWN) VALUES (77,9,6,1,true,1,51,false,true);
INSERT INTO MAPFIELD (ID,XPOS,YPOS,MOVECOST,PASSABLE,MAP_ID,TILEGROUP_ID,HEROSPAWN,MONSTERSPAWN) VALUES (78,10,4,1,true,1,51,false,true);
INSERT INTO MAPFIELD (ID,XPOS,YPOS,MOVECOST,PASSABLE,MAP_ID,TILEGROUP_ID,HEROSPAWN,MONSTERSPAWN) VALUES (79,10,5,1,true,1,51,false,true);
INSERT INTO MAPFIELD (ID,XPOS,YPOS,MOVECOST,PASSABLE,MAP_ID,TILEGROUP_ID,HEROSPAWN,MONSTERSPAWN) VALUES (80,10,6,1,true,1,51,false,true);
INSERT INTO MAPFIELD (ID,XPOS,YPOS,MOVECOST,PASSABLE,MAP_ID,TILEGROUP_ID,HEROSPAWN,MONSTERSPAWN) VALUES (81,10,7,1,true,1,51,false,true);
INSERT INTO MAPFIELD (ID,XPOS,YPOS,MOVECOST,PASSABLE,MAP_ID,TILEGROUP_ID,HEROSPAWN,MONSTERSPAWN) VALUES (82,11,4,1,true,1,51,false,true);
INSERT INTO MAPFIELD (ID,XPOS,YPOS,MOVECOST,PASSABLE,MAP_ID,TILEGROUP_ID,HEROSPAWN,MONSTERSPAWN) VALUES (83,11,5,1,true,1,51,false,true);
INSERT INTO MAPFIELD (ID,XPOS,YPOS,MOVECOST,PASSABLE,MAP_ID,TILEGROUP_ID,HEROSPAWN,MONSTERSPAWN) VALUES (84,11,6,1,true,1,51,false,true);
INSERT INTO MAPFIELD (ID,XPOS,YPOS,MOVECOST,PASSABLE,MAP_ID,TILEGROUP_ID,HEROSPAWN,MONSTERSPAWN) VALUES (85,11,7,1,true,1,51,false,true);

-- ENDA
INSERT INTO MAPFIELD (ID,XPOS,YPOS,MOVECOST,PASSABLE,MAP_ID,TILEGROUP_ID,HEROSPAWN,MONSTERSPAWN) VALUES (86,12,5,1,true,1,61,false,false);
INSERT INTO MAPFIELD (ID,XPOS,YPOS,MOVECOST,PASSABLE,MAP_ID,TILEGROUP_ID,HEROSPAWN,MONSTERSPAWN) VALUES (87,12,6,1,true,1,61,false,false);

/** QUESTENCOUNTERS
INSERT INTO QUESTENCOUNTER (ID,QUEST,PART,ISACTIVE,ACTIVEHERO_ID,WINNER,MAP_ID) VALUES (1, 'FIRST_BLOOD', 'FIRST', true, null, null, 1);
*/

/** MESSAGES
INSERT INTO message (id, createdon, text, campaign_id, player_id) 
	VALUES (3, '2017-12-02 16:31:59.963', '1', NULL, 1);
INSERT INTO message (id, createdon, text, campaign_id, player_id) 
	VALUES (4, '2017-12-02 16:32:01.678', '2', NULL, 1);
INSERT INTO message (id, createdon, text, campaign_id, player_id) 
	VALUES (5, '2017-12-02 16:32:03.283', '3', NULL, 1);
INSERT INTO message (id, createdon, text, campaign_id, player_id) 
	VALUES (6, '2017-12-02 16:32:05.876', '4', NULL, 1);
INSERT INTO message (id, createdon, text, campaign_id, player_id) 
	VALUES (7, '2017-12-02 16:32:07.33', '5', NULL, 1);
INSERT INTO message (id, createdon, text, campaign_id, player_id) 
	VALUES (8, '2017-12-02 16:32:08.079', '6', NULL, 1);
INSERT INTO message (id, createdon, text, campaign_id, player_id) 
	VALUES (9, '2017-12-02 16:32:08.842', '7', NULL, 1);
INSERT INTO message (id, createdon, text, campaign_id, player_id) 
	VALUES (10, '2017-12-02 16:32:10.985', '8', NULL, 1);
INSERT INTO message (id, createdon, text, campaign_id, player_id) 
	VALUES (11, '2017-12-02 16:32:11.894', '9', NULL, 1);
INSERT INTO message (id, createdon, text, campaign_id, player_id) 
	VALUES (12, '2017-12-02 16:32:15.291', '10', NULL, 1);
INSERT INTO message (id, createdon, text, campaign_id, player_id) 
	VALUES (13, '2017-12-02 16:32:17.272', '11', NULL, 1);
INSERT INTO message (id, createdon, text, campaign_id, player_id) 
	VALUES (14, '2017-12-02 16:32:18.44', '12', NULL, 1);
INSERT INTO message (id, createdon, text, campaign_id, player_id) 
	VALUES (15, '2017-12-02 16:32:19.496', '13', NULL, 1);
INSERT INTO message (id, createdon, text, campaign_id, player_id) 
	VALUES (16, '2017-12-02 16:32:20.566', '14', NULL, 1);
INSERT INTO message (id, createdon, text, campaign_id, player_id) 
	VALUES (17, '2017-12-02 16:32:23.205', '15', NULL, 1);
INSERT INTO message (id, createdon, text, campaign_id, player_id) 
	VALUES (18, '2017-12-02 16:32:25.3', '16', NULL, 1);
INSERT INTO message (id, createdon, text, campaign_id, player_id) 
	VALUES (19, '2017-12-02 16:32:29.886', '17', NULL, 1);
INSERT INTO message (id, createdon, text, campaign_id, player_id) 
	VALUES (20, '2017-12-02 16:32:33.59', '18', NULL, 1);
INSERT INTO message (id, createdon, text, campaign_id, player_id) 
	VALUES (21, '2017-12-02 16:32:37.022', '19', NULL, 1);
INSERT INTO message (id, createdon, text, campaign_id, player_id) 
	VALUES (22, '2017-12-02 16:32:41.559', '20', NULL, 1);
INSERT INTO message (id, createdon, text, campaign_id, player_id) 
	VALUES (23, '2017-12-02 16:32:44.773', '21', NULL, 1);
INSERT INTO message (id, createdon, text, campaign_id, player_id) 
	VALUES (24, '2017-12-02 16:32:48.587', '22', NULL, 1);
INSERT INTO message (id, createdon, text, campaign_id, player_id) 
	VALUES (25, '2017-12-02 16:32:54.214', '23', NULL, 1);
INSERT INTO message (id, createdon, text, campaign_id, player_id) 
	VALUES (26, '2017-12-02 16:32:57.577', '24', NULL, 1);
INSERT INTO message (id, createdon, text, campaign_id, player_id) 
	VALUES (27, '2017-12-02 16:33:02.844', '25', NULL, 1);
INSERT INTO message (id, createdon, text, campaign_id, player_id) 
	VALUES (28, '2017-12-02 16:33:06.233', '26', NULL, 1);
INSERT INTO message (id, createdon, text, campaign_id, player_id) 
	VALUES (29, '2017-12-02 16:33:09.797', '27', NULL, 1);
INSERT INTO message (id, createdon, text, campaign_id, player_id) 
	VALUES (30, '2017-12-02 16:33:13.365', '28', NULL, 1);
INSERT INTO message (id, createdon, text, campaign_id, player_id) 
	VALUES (31, '2017-12-02 16:33:17.119', '29', NULL, 1);
INSERT INTO message (id, createdon, text, campaign_id, player_id) 
	VALUES (32, '2017-12-02 16:33:20.366', '30', NULL, 1);
INSERT INTO message (id, createdon, text, campaign_id, player_id) 
	VALUES (33, '2017-12-02 16:33:23.196', '31', NULL, 1);
INSERT INTO message (id, createdon, text, campaign_id, player_id) 
	VALUES (34, '2017-12-02 16:33:25.33', '32', NULL, 1);
*/