/**
 * Author:  pho
 * Created: 09.01.2016
 */
SET SCHEMA 'descent';

/** CAMPAIGNS */
-- campaign 1, full group on selection stage
INSERT INTO CAMPAIGN (ID, CREATEDON, PHASE, OVERLORD_ID, ACTIVEQUEST_ID) VALUES (1, current_timestamp, 'HERO_SELECTION', 1, 1);
-- campaign 2, full group on selection stage WITH user "test"
INSERT INTO CAMPAIGN (ID, CREATEDON, PHASE, OVERLORD_ID, ACTIVEQUEST_ID) VALUES (2, current_timestamp, 'HERO_SELECTION', 2, 1);
-- campaign 3, 2-man group on selection stage
INSERT INTO CAMPAIGN (ID, CREATEDON, PHASE, OVERLORD_ID, ACTIVEQUEST_ID) VALUES (3, current_timestamp, 'HERO_SELECTION', 1, 1);
-- campaign 4, 2-man group on selection stage WITH user 'test' (id=1)
INSERT INTO CAMPAIGN (ID, CREATEDON, PHASE, OVERLORD_ID, ACTIVEQUEST_ID) VALUES (4, current_timestamp, 'HERO_SELECTION', 4, 1);
-- campaign 5, encounter stage WITHOUT user 'test' (id=1)
INSERT INTO CAMPAIGN (ID, CREATEDON, PHASE, OVERLORD_ID, ACTIVEQUEST_ID) VALUES (5, current_timestamp, 'ENCOUNTER', 1, 1);
-- campaign 6, travel stage WITH user 'test' (id=1)
INSERT INTO CAMPAIGN (ID, CREATEDON, PHASE, OVERLORD_ID, ACTIVEQUEST_ID) VALUES (6, current_timestamp, 'TRAVEL', 4, 1);
-- campaign 7, finished WITH user 'test' (id=1)
INSERT INTO CAMPAIGN (ID, CREATEDON, PHASE, OVERLORD_ID, ACTIVEQUEST_ID) VALUES (7, current_timestamp, 'FINISHED', 4, 1);

/** HEROSELECTION */
-- campaign 1, full group on selection stage
INSERT INTO HEROSELECTION (ID, SELECTEDHERO, CAMPAIGN_ID, PLAYER_ID) VALUES (100, 'GRISBAN', 1, 2);
INSERT INTO HEROSELECTION (ID, SELECTEDHERO, CAMPAIGN_ID, PLAYER_ID) VALUES (200, 'JAINFAIRWOOD', 1, 3);
INSERT INTO HEROSELECTION (ID, SELECTEDHERO, CAMPAIGN_ID, PLAYER_ID) VALUES (300, 'ASHRIAN', 1, 4);
INSERT INTO HEROSELECTION (ID, SELECTEDHERO, CAMPAIGN_ID, PLAYER_ID) VALUES (400, 'LEORICOFTHEBOOK', 1, 5);

-- campaign 2, full group on selection stage WITH user "test"
INSERT INTO HEROSELECTION (ID, SELECTEDHERO, CAMPAIGN_ID, PLAYER_ID) VALUES (500, 'GRISBAN', 2, 1);
INSERT INTO HEROSELECTION (ID, SELECTEDHERO, CAMPAIGN_ID, PLAYER_ID) VALUES (600, 'JAINFAIRWOOD', 2, 3);
INSERT INTO HEROSELECTION (ID, SELECTEDHERO, CAMPAIGN_ID, PLAYER_ID) VALUES (700, 'ASHRIAN', 2, 4);
INSERT INTO HEROSELECTION (ID, SELECTEDHERO, CAMPAIGN_ID, PLAYER_ID) VALUES (800, 'LEORICOFTHEBOOK', 2, 5);

-- campaign 3, 2-man group on selection stage
INSERT INTO HEROSELECTION (ID, SELECTEDHERO, CAMPAIGN_ID, PLAYER_ID) VALUES (900, 'GRISBAN', 3, 2);
INSERT INTO HEROSELECTION (ID, SELECTEDHERO, CAMPAIGN_ID, PLAYER_ID) VALUES (1000, 'JAINFAIRWOOD', 3, 3);

-- campaign 4, 2-man group on selection stage WITH user 'test' (id=1)
INSERT INTO HEROSELECTION (ID, SELECTEDHERO, CAMPAIGN_ID, PLAYER_ID) VALUES (1100, 'GRISBAN', 4, 1);
INSERT INTO HEROSELECTION (ID, SELECTEDHERO, CAMPAIGN_ID, PLAYER_ID) VALUES (1200, 'JAINFAIRWOOD', 4, 3);

-- campaign 5, encounter stage WITHOUT user 'test' (id=1)
INSERT INTO HEROSELECTION (ID, SELECTEDHERO, CAMPAIGN_ID, PLAYER_ID) VALUES (1300, 'GRISBAN', 5, 2);

-- campaign 6, travel stage WITH user 'test' (id=1)
INSERT INTO HEROSELECTION (ID, SELECTEDHERO, CAMPAIGN_ID, PLAYER_ID) VALUES (1400, 'GRISBAN', 6, 1);

-- campaign 7, finished WITH user 'test' (id=1)
INSERT INTO HEROSELECTION (ID, SELECTEDHERO, CAMPAIGN_ID, PLAYER_ID) VALUES (1500, 'GRISBAN', 7, 1);

/** GAMEHEROES */
-- campaign 5, encounter stage WITHOUT user 'test' (id=1)
INSERT INTO GAMEHERO (ID, NAME, ARCHETYPE, CURRENTLOCATION_ID, PLAYEDBY_ID, CAMPAIGN_ID, ISACTIVE,
                AWARENESS, KNOWLEDGE, WILLPOWER, MIGHT, TURNSLEFT,
                TOTALLIFE, CURRENTLIFE, STAMINA, EXHAUSTION, INITIATIVE, MOVEMENTPOINTS, MOVEMENTSPENT)
                VALUES (13,'Grisban the Thirsty', 'WARRIOR', 1, 2, 5, true,
                999, 999, 999, 999, 2,
                999, 999, 999, 999, 100, 4, 0);
-- campaign 6, travel stage WITH user 'test' (id=1)
INSERT INTO GAMEHERO (ID, NAME, ARCHETYPE, CURRENTLOCATION_ID, PLAYEDBY_ID, CAMPAIGN_ID, ISACTIVE,
                AWARENESS, KNOWLEDGE, WILLPOWER, MIGHT, TURNSLEFT,
                TOTALLIFE, CURRENTLIFE, STAMINA, EXHAUSTION, INITIATIVE, MOVEMENTPOINTS, MOVEMENTSPENT)
                VALUES (14,'Grisban the Thirsty', 'WARRIOR', 1, 1, 6, true,
                999, 999, 999, 999, 2,
                999, 999, 999, 999, 100, 4, 0);
-- campaign 7, finished WITH user 'test' (id=1)
INSERT INTO GAMEHERO (ID, NAME, ARCHETYPE, CURRENTLOCATION_ID, PLAYEDBY_ID, CAMPAIGN_ID, ISACTIVE,
                AWARENESS, KNOWLEDGE, WILLPOWER, MIGHT, TURNSLEFT,
                TOTALLIFE, CURRENTLIFE, STAMINA, EXHAUSTION, INITIATIVE, MOVEMENTPOINTS, MOVEMENTSPENT)
                VALUES (15,'Grisban the Thirsty', 'WARRIOR', 1, 1, 7, true,
                999, 999, 999, 999, 2,
                999, 999, 999, 999, 100, 4, 0);